run_id,data encoded,K/K(interval i),lr,data,name,seed,trainer,data_dir,val_size,callbacks,framework,batch_size,model_name,model_cache,num_workers,min_data_size,data_increment,learn_embeddings,scramble_data_by,short_vocab_size,val_train_shared,interval_patience,allow_final_overfit,interval_patience_tol,include_initial_length,data_increment_n_log_intervals
rv2lhkiw,1000,6269.4541015625,0.0001,,Prequential Coding - Natural Languages,0,,/network/scratch/e/eric.elmoznino/complexity_compositionality/data/real_languages/coco-captions/french/,10000,False,,250,sentence-transformers/paraphrase-multilingual-mpnet-base-v2,,0,1000,,False,,,False,3,False,0.0001,True,15
rv2lhkiw,1535,3319.32275390625,0.0001,,Prequential Coding - Natural Languages,0,,/network/scratch/e/eric.elmoznino/complexity_compositionality/data/real_languages/coco-captions/french/,10000,False,,250,sentence-transformers/paraphrase-multilingual-mpnet-base-v2,,0,1000,,False,,,False,3,False,0.0001,True,15
rv2lhkiw,2356,5176.3046875,0.0001,,Prequential Coding - Natural Languages,0,,/network/scratch/e/eric.elmoznino/complexity_compositionality/data/real_languages/coco-captions/french/,10000,False,,250,sentence-transformers/paraphrase-multilingual-mpnet-base-v2,,0,1000,,False,,,False,3,False,0.0001,True,15
rv2lhkiw,3618,4883.28271484375,0.0001,,Prequential Coding - Natural Languages,0,,/network/scratch/e/eric.elmoznino/complexity_compositionality/data/real_languages/coco-captions/french/,10000,False,,250,sentence-transformers/paraphrase-multilingual-mpnet-base-v2,,0,1000,,False,,,False,3,False,0.0001,True,15
rv2lhkiw,5554,6371.71142578125,0.0001,,Prequential Coding - Natural Languages,0,,/network/scratch/e/eric.elmoznino/complexity_compositionality/data/real_languages/coco-captions/french/,10000,False,,250,sentence-transformers/paraphrase-multilingual-mpnet-base-v2,,0,1000,,False,,,False,3,False,0.0001,True,15
rv2lhkiw,8527,9838.0888671875,0.0001,,Prequential Coding - Natural Languages,0,,/network/scratch/e/eric.elmoznino/complexity_compositionality/data/real_languages/coco-captions/french/,10000,False,,250,sentence-transformers/paraphrase-multilingual-mpnet-base-v2,,0,1000,,False,,,False,3,False,0.0001,True,15
rv2lhkiw,13092,10361.8720703125,0.0001,,Prequential Coding - Natural Languages,0,,/network/scratch/e/eric.elmoznino/complexity_compositionality/data/real_languages/coco-captions/french/,10000,False,,250,sentence-transformers/paraphrase-multilingual-mpnet-base-v2,,0,1000,,False,,,False,3,False,0.0001,True,15
rv2lhkiw,20099,12307.75,0.0001,,Prequential Coding - Natural Languages,0,,/network/scratch/e/eric.elmoznino/complexity_compositionality/data/real_languages/coco-captions/french/,10000,False,,250,sentence-transformers/paraphrase-multilingual-mpnet-base-v2,,0,1000,,False,,,False,3,False,0.0001,True,15
rv2lhkiw,30856,16065.013671875,0.0001,,Prequential Coding - Natural Languages,0,,/network/scratch/e/eric.elmoznino/complexity_compositionality/data/real_languages/coco-captions/french/,10000,False,,250,sentence-transformers/paraphrase-multilingual-mpnet-base-v2,,0,1000,,False,,,False,3,False,0.0001,True,15
rv2lhkiw,47371,18976.380859375,0.0001,,Prequential Coding - Natural Languages,0,,/network/scratch/e/eric.elmoznino/complexity_compositionality/data/real_languages/coco-captions/french/,10000,False,,250,sentence-transformers/paraphrase-multilingual-mpnet-base-v2,,0,1000,,False,,,False,3,False,0.0001,True,15
rv2lhkiw,72725,22517.23828125,0.0001,,Prequential Coding - Natural Languages,0,,/network/scratch/e/eric.elmoznino/complexity_compositionality/data/real_languages/coco-captions/french/,10000,False,,250,sentence-transformers/paraphrase-multilingual-mpnet-base-v2,,0,1000,,False,,,False,3,False,0.0001,True,15
rv2lhkiw,111649,28200.33984375,0.0001,,Prequential Coding - Natural Languages,0,,/network/scratch/e/eric.elmoznino/complexity_compositionality/data/real_languages/coco-captions/french/,10000,False,,250,sentence-transformers/paraphrase-multilingual-mpnet-base-v2,,0,1000,,False,,,False,3,False,0.0001,True,15
rv2lhkiw,171405,36106.87109375,0.0001,,Prequential Coding - Natural Languages,0,,/network/scratch/e/eric.elmoznino/complexity_compositionality/data/real_languages/coco-captions/french/,10000,False,,250,sentence-transformers/paraphrase-multilingual-mpnet-base-v2,,0,1000,,False,,,False,3,False,0.0001,True,15
rv2lhkiw,263143,41813.86328125,0.0001,,Prequential Coding - Natural Languages,0,,/network/scratch/e/eric.elmoznino/complexity_compositionality/data/real_languages/coco-captions/french/,10000,False,,250,sentence-transformers/paraphrase-multilingual-mpnet-base-v2,,0,1000,,False,,,False,3,False,0.0001,True,15
rv2lhkiw,403981,53217.484375,0.0001,,Prequential Coding - Natural Languages,0,,/network/scratch/e/eric.elmoznino/complexity_compositionality/data/real_languages/coco-captions/french/,10000,False,,250,sentence-transformers/paraphrase-multilingual-mpnet-base-v2,,0,1000,,False,,,False,3,False,0.0001,True,15
zqmc0w61,1000,8406.7099609375,0.0001,,Prequential Coding - Natural Languages,0,,/network/scratch/e/eric.elmoznino/complexity_compositionality/data/real_languages/coco-captions/english/,10000,False,,250,sentence-transformers/paraphrase-multilingual-mpnet-base-v2,,0,1000,,False,,,False,3,False,0.0001,True,15
zqmc0w61,1535,4077.65380859375,0.0001,,Prequential Coding - Natural Languages,0,,/network/scratch/e/eric.elmoznino/complexity_compositionality/data/real_languages/coco-captions/english/,10000,False,,250,sentence-transformers/paraphrase-multilingual-mpnet-base-v2,,0,1000,,False,,,False,3,False,0.0001,True,15
zqmc0w61,2356,5199.90283203125,0.0001,,Prequential Coding - Natural Languages,0,,/network/scratch/e/eric.elmoznino/complexity_compositionality/data/real_languages/coco-captions/english/,10000,False,,250,sentence-transformers/paraphrase-multilingual-mpnet-base-v2,,0,1000,,False,,,False,3,False,0.0001,True,15
zqmc0w61,3618,6322.2158203125,0.0001,,Prequential Coding - Natural Languages,0,,/network/scratch/e/eric.elmoznino/complexity_compositionality/data/real_languages/coco-captions/english/,10000,False,,250,sentence-transformers/paraphrase-multilingual-mpnet-base-v2,,0,1000,,False,,,False,3,False,0.0001,True,15
zqmc0w61,5554,8110.03369140625,0.0001,,Prequential Coding - Natural Languages,0,,/network/scratch/e/eric.elmoznino/complexity_compositionality/data/real_languages/coco-captions/english/,10000,False,,250,sentence-transformers/paraphrase-multilingual-mpnet-base-v2,,0,1000,,False,,,False,3,False,0.0001,True,15
zqmc0w61,8527,10143.2890625,0.0001,,Prequential Coding - Natural Languages,0,,/network/scratch/e/eric.elmoznino/complexity_compositionality/data/real_languages/coco-captions/english/,10000,False,,250,sentence-transformers/paraphrase-multilingual-mpnet-base-v2,,0,1000,,False,,,False,3,False,0.0001,True,15
zqmc0w61,13092,11964.5478515625,0.0001,,Prequential Coding - Natural Languages,0,,/network/scratch/e/eric.elmoznino/complexity_compositionality/data/real_languages/coco-captions/english/,10000,False,,250,sentence-transformers/paraphrase-multilingual-mpnet-base-v2,,0,1000,,False,,,False,3,False,0.0001,True,15
zqmc0w61,20099,14098.89453125,0.0001,,Prequential Coding - Natural Languages,0,,/network/scratch/e/eric.elmoznino/complexity_compositionality/data/real_languages/coco-captions/english/,10000,False,,250,sentence-transformers/paraphrase-multilingual-mpnet-base-v2,,0,1000,,False,,,False,3,False,0.0001,True,15
zqmc0w61,30856,18149.857421875,0.0001,,Prequential Coding - Natural Languages,0,,/network/scratch/e/eric.elmoznino/complexity_compositionality/data/real_languages/coco-captions/english/,10000,False,,250,sentence-transformers/paraphrase-multilingual-mpnet-base-v2,,0,1000,,False,,,False,3,False,0.0001,True,15
zqmc0w61,47371,23381.9296875,0.0001,,Prequential Coding - Natural Languages,0,,/network/scratch/e/eric.elmoznino/complexity_compositionality/data/real_languages/coco-captions/english/,10000,False,,250,sentence-transformers/paraphrase-multilingual-mpnet-base-v2,,0,1000,,False,,,False,3,False,0.0001,True,15
zqmc0w61,72725,28438.068359375,0.0001,,Prequential Coding - Natural Languages,0,,/network/scratch/e/eric.elmoznino/complexity_compositionality/data/real_languages/coco-captions/english/,10000,False,,250,sentence-transformers/paraphrase-multilingual-mpnet-base-v2,,0,1000,,False,,,False,3,False,0.0001,True,15
zqmc0w61,111649,33970.7109375,0.0001,,Prequential Coding - Natural Languages,0,,/network/scratch/e/eric.elmoznino/complexity_compositionality/data/real_languages/coco-captions/english/,10000,False,,250,sentence-transformers/paraphrase-multilingual-mpnet-base-v2,,0,1000,,False,,,False,3,False,0.0001,True,15
zqmc0w61,171405,41775.2734375,0.0001,,Prequential Coding - Natural Languages,0,,/network/scratch/e/eric.elmoznino/complexity_compositionality/data/real_languages/coco-captions/english/,10000,False,,250,sentence-transformers/paraphrase-multilingual-mpnet-base-v2,,0,1000,,False,,,False,3,False,0.0001,True,15
zqmc0w61,263143,49338.2109375,0.0001,,Prequential Coding - Natural Languages,0,,/network/scratch/e/eric.elmoznino/complexity_compositionality/data/real_languages/coco-captions/english/,10000,False,,250,sentence-transformers/paraphrase-multilingual-mpnet-base-v2,,0,1000,,False,,,False,3,False,0.0001,True,15
zqmc0w61,403981,56221.6484375,0.0001,,Prequential Coding - Natural Languages,0,,/network/scratch/e/eric.elmoznino/complexity_compositionality/data/real_languages/coco-captions/english/,10000,False,,250,sentence-transformers/paraphrase-multilingual-mpnet-base-v2,,0,1000,,False,,,False,3,False,0.0001,True,15
2mcfkg5o,1000,6074.4150390625,0.0001,,Prequential Coding - Natural Languages,1,,/network/scratch/e/eric.elmoznino/complexity_compositionality/data/real_languages/coco-captions/german/,10000,False,,250,sentence-transformers/paraphrase-multilingual-mpnet-base-v2,,0,1000,,False,,,False,3,False,0.0001,True,15
2mcfkg5o,1535,3239.286865234375,0.0001,,Prequential Coding - Natural Languages,1,,/network/scratch/e/eric.elmoznino/complexity_compositionality/data/real_languages/coco-captions/german/,10000,False,,250,sentence-transformers/paraphrase-multilingual-mpnet-base-v2,,0,1000,,False,,,False,3,False,0.0001,True,15
2mcfkg5o,2356,4706.6689453125,0.0001,,Prequential Coding - Natural Languages,1,,/network/scratch/e/eric.elmoznino/complexity_compositionality/data/real_languages/coco-captions/german/,10000,False,,250,sentence-transformers/paraphrase-multilingual-mpnet-base-v2,,0,1000,,False,,,False,3,False,0.0001,True,15
2mcfkg5o,3618,7667.29443359375,0.0001,,Prequential Coding - Natural Languages,1,,/network/scratch/e/eric.elmoznino/complexity_compositionality/data/real_languages/coco-captions/german/,10000,False,,250,sentence-transformers/paraphrase-multilingual-mpnet-base-v2,,0,1000,,False,,,False,3,False,0.0001,True,15
2mcfkg5o,5554,6878.31494140625,0.0001,,Prequential Coding - Natural Languages,1,,/network/scratch/e/eric.elmoznino/complexity_compositionality/data/real_languages/coco-captions/german/,10000,False,,250,sentence-transformers/paraphrase-multilingual-mpnet-base-v2,,0,1000,,False,,,False,3,False,0.0001,True,15
2mcfkg5o,8527,9449.9638671875,0.0001,,Prequential Coding - Natural Languages,1,,/network/scratch/e/eric.elmoznino/complexity_compositionality/data/real_languages/coco-captions/german/,10000,False,,250,sentence-transformers/paraphrase-multilingual-mpnet-base-v2,,0,1000,,False,,,False,3,False,0.0001,True,15
2mcfkg5o,13092,11721.431640625,0.0001,,Prequential Coding - Natural Languages,1,,/network/scratch/e/eric.elmoznino/complexity_compositionality/data/real_languages/coco-captions/german/,10000,False,,250,sentence-transformers/paraphrase-multilingual-mpnet-base-v2,,0,1000,,False,,,False,3,False,0.0001,True,15
2mcfkg5o,20099,14820.1689453125,0.0001,,Prequential Coding - Natural Languages,1,,/network/scratch/e/eric.elmoznino/complexity_compositionality/data/real_languages/coco-captions/german/,10000,False,,250,sentence-transformers/paraphrase-multilingual-mpnet-base-v2,,0,1000,,False,,,False,3,False,0.0001,True,15
2mcfkg5o,30856,17070.087890625,0.0001,,Prequential Coding - Natural Languages,1,,/network/scratch/e/eric.elmoznino/complexity_compositionality/data/real_languages/coco-captions/german/,10000,False,,250,sentence-transformers/paraphrase-multilingual-mpnet-base-v2,,0,1000,,False,,,False,3,False,0.0001,True,15
2mcfkg5o,47371,19877.46484375,0.0001,,Prequential Coding - Natural Languages,1,,/network/scratch/e/eric.elmoznino/complexity_compositionality/data/real_languages/coco-captions/german/,10000,False,,250,sentence-transformers/paraphrase-multilingual-mpnet-base-v2,,0,1000,,False,,,False,3,False,0.0001,True,15
2mcfkg5o,72725,23645.390625,0.0001,,Prequential Coding - Natural Languages,1,,/network/scratch/e/eric.elmoznino/complexity_compositionality/data/real_languages/coco-captions/german/,10000,False,,250,sentence-transformers/paraphrase-multilingual-mpnet-base-v2,,0,1000,,False,,,False,3,False,0.0001,True,15
2mcfkg5o,111649,29842.373046875,0.0001,,Prequential Coding - Natural Languages,1,,/network/scratch/e/eric.elmoznino/complexity_compositionality/data/real_languages/coco-captions/german/,10000,False,,250,sentence-transformers/paraphrase-multilingual-mpnet-base-v2,,0,1000,,False,,,False,3,False,0.0001,True,15
2mcfkg5o,171405,38075.9921875,0.0001,,Prequential Coding - Natural Languages,1,,/network/scratch/e/eric.elmoznino/complexity_compositionality/data/real_languages/coco-captions/german/,10000,False,,250,sentence-transformers/paraphrase-multilingual-mpnet-base-v2,,0,1000,,False,,,False,3,False,0.0001,True,15
2mcfkg5o,263143,43919.34375,0.0001,,Prequential Coding - Natural Languages,1,,/network/scratch/e/eric.elmoznino/complexity_compositionality/data/real_languages/coco-captions/german/,10000,False,,250,sentence-transformers/paraphrase-multilingual-mpnet-base-v2,,0,1000,,False,,,False,3,False,0.0001,True,15
2mcfkg5o,403981,50363.53515625,0.0001,,Prequential Coding - Natural Languages,1,,/network/scratch/e/eric.elmoznino/complexity_compositionality/data/real_languages/coco-captions/german/,10000,False,,250,sentence-transformers/paraphrase-multilingual-mpnet-base-v2,,0,1000,,False,,,False,3,False,0.0001,True,15
4dh7vr65,1000,6796.9111328125,0.0001,,Prequential Coding - Natural Languages,0,,/network/scratch/e/eric.elmoznino/complexity_compositionality/data/real_languages/coco-captions/spanish/,10000,False,,250,sentence-transformers/paraphrase-multilingual-mpnet-base-v2,,0,1000,,False,,,False,3,False,0.0001,True,15
4dh7vr65,1535,3643.2412109375,0.0001,,Prequential Coding - Natural Languages,0,,/network/scratch/e/eric.elmoznino/complexity_compositionality/data/real_languages/coco-captions/spanish/,10000,False,,250,sentence-transformers/paraphrase-multilingual-mpnet-base-v2,,0,1000,,False,,,False,3,False,0.0001,True,15
4dh7vr65,2356,4073.91162109375,0.0001,,Prequential Coding - Natural Languages,0,,/network/scratch/e/eric.elmoznino/complexity_compositionality/data/real_languages/coco-captions/spanish/,10000,False,,250,sentence-transformers/paraphrase-multilingual-mpnet-base-v2,,0,1000,,False,,,False,3,False,0.0001,True,15
4dh7vr65,3618,5194.673828125,0.0001,,Prequential Coding - Natural Languages,0,,/network/scratch/e/eric.elmoznino/complexity_compositionality/data/real_languages/coco-captions/spanish/,10000,False,,250,sentence-transformers/paraphrase-multilingual-mpnet-base-v2,,0,1000,,False,,,False,3,False,0.0001,True,15
4dh7vr65,5554,7635.8251953125,0.0001,,Prequential Coding - Natural Languages,0,,/network/scratch/e/eric.elmoznino/complexity_compositionality/data/real_languages/coco-captions/spanish/,10000,False,,250,sentence-transformers/paraphrase-multilingual-mpnet-base-v2,,0,1000,,False,,,False,3,False,0.0001,True,15
4dh7vr65,8527,8872.0458984375,0.0001,,Prequential Coding - Natural Languages,0,,/network/scratch/e/eric.elmoznino/complexity_compositionality/data/real_languages/coco-captions/spanish/,10000,False,,250,sentence-transformers/paraphrase-multilingual-mpnet-base-v2,,0,1000,,False,,,False,3,False,0.0001,True,15
4dh7vr65,13092,13656.5068359375,0.0001,,Prequential Coding - Natural Languages,0,,/network/scratch/e/eric.elmoznino/complexity_compositionality/data/real_languages/coco-captions/spanish/,10000,False,,250,sentence-transformers/paraphrase-multilingual-mpnet-base-v2,,0,1000,,False,,,False,3,False,0.0001,True,15
4dh7vr65,20099,13822.34375,0.0001,,Prequential Coding - Natural Languages,0,,/network/scratch/e/eric.elmoznino/complexity_compositionality/data/real_languages/coco-captions/spanish/,10000,False,,250,sentence-transformers/paraphrase-multilingual-mpnet-base-v2,,0,1000,,False,,,False,3,False,0.0001,True,15
4dh7vr65,30856,15793.2705078125,0.0001,,Prequential Coding - Natural Languages,0,,/network/scratch/e/eric.elmoznino/complexity_compositionality/data/real_languages/coco-captions/spanish/,10000,False,,250,sentence-transformers/paraphrase-multilingual-mpnet-base-v2,,0,1000,,False,,,False,3,False,0.0001,True,15
4dh7vr65,47371,19855.138671875,0.0001,,Prequential Coding - Natural Languages,0,,/network/scratch/e/eric.elmoznino/complexity_compositionality/data/real_languages/coco-captions/spanish/,10000,False,,250,sentence-transformers/paraphrase-multilingual-mpnet-base-v2,,0,1000,,False,,,False,3,False,0.0001,True,15
4dh7vr65,72725,24580.078125,0.0001,,Prequential Coding - Natural Languages,0,,/network/scratch/e/eric.elmoznino/complexity_compositionality/data/real_languages/coco-captions/spanish/,10000,False,,250,sentence-transformers/paraphrase-multilingual-mpnet-base-v2,,0,1000,,False,,,False,3,False,0.0001,True,15
4dh7vr65,111649,27967.37890625,0.0001,,Prequential Coding - Natural Languages,0,,/network/scratch/e/eric.elmoznino/complexity_compositionality/data/real_languages/coco-captions/spanish/,10000,False,,250,sentence-transformers/paraphrase-multilingual-mpnet-base-v2,,0,1000,,False,,,False,3,False,0.0001,True,15
4dh7vr65,171405,41712.734375,0.0001,,Prequential Coding - Natural Languages,0,,/network/scratch/e/eric.elmoznino/complexity_compositionality/data/real_languages/coco-captions/spanish/,10000,False,,250,sentence-transformers/paraphrase-multilingual-mpnet-base-v2,,0,1000,,False,,,False,3,False,0.0001,True,15
4dh7vr65,263143,44779.73828125,0.0001,,Prequential Coding - Natural Languages,0,,/network/scratch/e/eric.elmoznino/complexity_compositionality/data/real_languages/coco-captions/spanish/,10000,False,,250,sentence-transformers/paraphrase-multilingual-mpnet-base-v2,,0,1000,,False,,,False,3,False,0.0001,True,15
4dh7vr65,403981,57899.9609375,0.0001,,Prequential Coding - Natural Languages,0,,/network/scratch/e/eric.elmoznino/complexity_compositionality/data/real_languages/coco-captions/spanish/,10000,False,,250,sentence-transformers/paraphrase-multilingual-mpnet-base-v2,,0,1000,,False,,,False,3,False,0.0001,True,15
6pm02fgv,1000,8431.2724609375,0.0001,,Prequential Coding - Natural Languages,1,,/network/scratch/e/eric.elmoznino/complexity_compositionality/data/real_languages/coco-captions/english/,10000,False,,250,sentence-transformers/paraphrase-multilingual-mpnet-base-v2,,0,1000,,False,,,False,3,False,0.0001,True,15
6pm02fgv,1535,3655.27001953125,0.0001,,Prequential Coding - Natural Languages,1,,/network/scratch/e/eric.elmoznino/complexity_compositionality/data/real_languages/coco-captions/english/,10000,False,,250,sentence-transformers/paraphrase-multilingual-mpnet-base-v2,,0,1000,,False,,,False,3,False,0.0001,True,15
6pm02fgv,2356,5071.55859375,0.0001,,Prequential Coding - Natural Languages,1,,/network/scratch/e/eric.elmoznino/complexity_compositionality/data/real_languages/coco-captions/english/,10000,False,,250,sentence-transformers/paraphrase-multilingual-mpnet-base-v2,,0,1000,,False,,,False,3,False,0.0001,True,15
6pm02fgv,3618,6541.80810546875,0.0001,,Prequential Coding - Natural Languages,1,,/network/scratch/e/eric.elmoznino/complexity_compositionality/data/real_languages/coco-captions/english/,10000,False,,250,sentence-transformers/paraphrase-multilingual-mpnet-base-v2,,0,1000,,False,,,False,3,False,0.0001,True,15
6pm02fgv,5554,8716.283203125,0.0001,,Prequential Coding - Natural Languages,1,,/network/scratch/e/eric.elmoznino/complexity_compositionality/data/real_languages/coco-captions/english/,10000,False,,250,sentence-transformers/paraphrase-multilingual-mpnet-base-v2,,0,1000,,False,,,False,3,False,0.0001,True,15
6pm02fgv,8527,9595.6796875,0.0001,,Prequential Coding - Natural Languages,1,,/network/scratch/e/eric.elmoznino/complexity_compositionality/data/real_languages/coco-captions/english/,10000,False,,250,sentence-transformers/paraphrase-multilingual-mpnet-base-v2,,0,1000,,False,,,False,3,False,0.0001,True,15
6pm02fgv,13092,12555.322265625,0.0001,,Prequential Coding - Natural Languages,1,,/network/scratch/e/eric.elmoznino/complexity_compositionality/data/real_languages/coco-captions/english/,10000,False,,250,sentence-transformers/paraphrase-multilingual-mpnet-base-v2,,0,1000,,False,,,False,3,False,0.0001,True,15
6pm02fgv,20099,17325.861328125,0.0001,,Prequential Coding - Natural Languages,1,,/network/scratch/e/eric.elmoznino/complexity_compositionality/data/real_languages/coco-captions/english/,10000,False,,250,sentence-transformers/paraphrase-multilingual-mpnet-base-v2,,0,1000,,False,,,False,3,False,0.0001,True,15
6pm02fgv,30856,19438.748046875,0.0001,,Prequential Coding - Natural Languages,1,,/network/scratch/e/eric.elmoznino/complexity_compositionality/data/real_languages/coco-captions/english/,10000,False,,250,sentence-transformers/paraphrase-multilingual-mpnet-base-v2,,0,1000,,False,,,False,3,False,0.0001,True,15
6pm02fgv,47371,22550.337890625,0.0001,,Prequential Coding - Natural Languages,1,,/network/scratch/e/eric.elmoznino/complexity_compositionality/data/real_languages/coco-captions/english/,10000,False,,250,sentence-transformers/paraphrase-multilingual-mpnet-base-v2,,0,1000,,False,,,False,3,False,0.0001,True,15
6pm02fgv,72725,29511.0,0.0001,,Prequential Coding - Natural Languages,1,,/network/scratch/e/eric.elmoznino/complexity_compositionality/data/real_languages/coco-captions/english/,10000,False,,250,sentence-transformers/paraphrase-multilingual-mpnet-base-v2,,0,1000,,False,,,False,3,False,0.0001,True,15
6pm02fgv,111649,36316.7109375,0.0001,,Prequential Coding - Natural Languages,1,,/network/scratch/e/eric.elmoznino/complexity_compositionality/data/real_languages/coco-captions/english/,10000,False,,250,sentence-transformers/paraphrase-multilingual-mpnet-base-v2,,0,1000,,False,,,False,3,False,0.0001,True,15
6pm02fgv,171405,46601.7109375,0.0001,,Prequential Coding - Natural Languages,1,,/network/scratch/e/eric.elmoznino/complexity_compositionality/data/real_languages/coco-captions/english/,10000,False,,250,sentence-transformers/paraphrase-multilingual-mpnet-base-v2,,0,1000,,False,,,False,3,False,0.0001,True,15
6pm02fgv,263143,48536.93359375,0.0001,,Prequential Coding - Natural Languages,1,,/network/scratch/e/eric.elmoznino/complexity_compositionality/data/real_languages/coco-captions/english/,10000,False,,250,sentence-transformers/paraphrase-multilingual-mpnet-base-v2,,0,1000,,False,,,False,3,False,0.0001,True,15
6pm02fgv,403981,56897.63671875,0.0001,,Prequential Coding - Natural Languages,1,,/network/scratch/e/eric.elmoznino/complexity_compositionality/data/real_languages/coco-captions/english/,10000,False,,250,sentence-transformers/paraphrase-multilingual-mpnet-base-v2,,0,1000,,False,,,False,3,False,0.0001,True,15
800ewl6s,1000,6069.00537109375,0.0001,,Prequential Coding - Natural Languages,0,,/network/scratch/e/eric.elmoznino/complexity_compositionality/data/real_languages/coco-captions/german/,10000,False,,250,sentence-transformers/paraphrase-multilingual-mpnet-base-v2,,0,1000,,False,,,False,3,False,0.0001,True,15
800ewl6s,1535,3255.0576171875,0.0001,,Prequential Coding - Natural Languages,0,,/network/scratch/e/eric.elmoznino/complexity_compositionality/data/real_languages/coco-captions/german/,10000,False,,250,sentence-transformers/paraphrase-multilingual-mpnet-base-v2,,0,1000,,False,,,False,3,False,0.0001,True,15
800ewl6s,2356,4996.62060546875,0.0001,,Prequential Coding - Natural Languages,0,,/network/scratch/e/eric.elmoznino/complexity_compositionality/data/real_languages/coco-captions/german/,10000,False,,250,sentence-transformers/paraphrase-multilingual-mpnet-base-v2,,0,1000,,False,,,False,3,False,0.0001,True,15
800ewl6s,3618,5507.18212890625,0.0001,,Prequential Coding - Natural Languages,0,,/network/scratch/e/eric.elmoznino/complexity_compositionality/data/real_languages/coco-captions/german/,10000,False,,250,sentence-transformers/paraphrase-multilingual-mpnet-base-v2,,0,1000,,False,,,False,3,False,0.0001,True,15
800ewl6s,5554,6730.1953125,0.0001,,Prequential Coding - Natural Languages,0,,/network/scratch/e/eric.elmoznino/complexity_compositionality/data/real_languages/coco-captions/german/,10000,False,,250,sentence-transformers/paraphrase-multilingual-mpnet-base-v2,,0,1000,,False,,,False,3,False,0.0001,True,15
800ewl6s,8527,8443.3037109375,0.0001,,Prequential Coding - Natural Languages,0,,/network/scratch/e/eric.elmoznino/complexity_compositionality/data/real_languages/coco-captions/german/,10000,False,,250,sentence-transformers/paraphrase-multilingual-mpnet-base-v2,,0,1000,,False,,,False,3,False,0.0001,True,15
800ewl6s,13092,15153.9091796875,0.0001,,Prequential Coding - Natural Languages,0,,/network/scratch/e/eric.elmoznino/complexity_compositionality/data/real_languages/coco-captions/german/,10000,False,,250,sentence-transformers/paraphrase-multilingual-mpnet-base-v2,,0,1000,,False,,,False,3,False,0.0001,True,15
800ewl6s,20099,12473.958984375,0.0001,,Prequential Coding - Natural Languages,0,,/network/scratch/e/eric.elmoznino/complexity_compositionality/data/real_languages/coco-captions/german/,10000,False,,250,sentence-transformers/paraphrase-multilingual-mpnet-base-v2,,0,1000,,False,,,False,3,False,0.0001,True,15
800ewl6s,30856,17550.32421875,0.0001,,Prequential Coding - Natural Languages,0,,/network/scratch/e/eric.elmoznino/complexity_compositionality/data/real_languages/coco-captions/german/,10000,False,,250,sentence-transformers/paraphrase-multilingual-mpnet-base-v2,,0,1000,,False,,,False,3,False,0.0001,True,15
800ewl6s,47371,18760.9609375,0.0001,,Prequential Coding - Natural Languages,0,,/network/scratch/e/eric.elmoznino/complexity_compositionality/data/real_languages/coco-captions/german/,10000,False,,250,sentence-transformers/paraphrase-multilingual-mpnet-base-v2,,0,1000,,False,,,False,3,False,0.0001,True,15
800ewl6s,72725,25302.828125,0.0001,,Prequential Coding - Natural Languages,0,,/network/scratch/e/eric.elmoznino/complexity_compositionality/data/real_languages/coco-captions/german/,10000,False,,250,sentence-transformers/paraphrase-multilingual-mpnet-base-v2,,0,1000,,False,,,False,3,False,0.0001,True,15
800ewl6s,111649,28082.16796875,0.0001,,Prequential Coding - Natural Languages,0,,/network/scratch/e/eric.elmoznino/complexity_compositionality/data/real_languages/coco-captions/german/,10000,False,,250,sentence-transformers/paraphrase-multilingual-mpnet-base-v2,,0,1000,,False,,,False,3,False,0.0001,True,15
800ewl6s,171405,47765.76171875,0.0001,,Prequential Coding - Natural Languages,0,,/network/scratch/e/eric.elmoznino/complexity_compositionality/data/real_languages/coco-captions/german/,10000,False,,250,sentence-transformers/paraphrase-multilingual-mpnet-base-v2,,0,1000,,False,,,False,3,False,0.0001,True,15
800ewl6s,263143,46693.53515625,0.0001,,Prequential Coding - Natural Languages,0,,/network/scratch/e/eric.elmoznino/complexity_compositionality/data/real_languages/coco-captions/german/,10000,False,,250,sentence-transformers/paraphrase-multilingual-mpnet-base-v2,,0,1000,,False,,,False,3,False,0.0001,True,15
800ewl6s,403981,55618.7265625,0.0001,,Prequential Coding - Natural Languages,0,,/network/scratch/e/eric.elmoznino/complexity_compositionality/data/real_languages/coco-captions/german/,10000,False,,250,sentence-transformers/paraphrase-multilingual-mpnet-base-v2,,0,1000,,False,,,False,3,False,0.0001,True,15
994eh2o3,1000,6243.91259765625,0.0001,,Prequential Coding - Natural Languages,2,,/network/scratch/e/eric.elmoznino/complexity_compositionality/data/real_languages/coco-captions/french/,10000,False,,250,sentence-transformers/paraphrase-multilingual-mpnet-base-v2,,0,1000,,False,,,False,3,False,0.0001,True,15
994eh2o3,1535,3336.121337890625,0.0001,,Prequential Coding - Natural Languages,2,,/network/scratch/e/eric.elmoznino/complexity_compositionality/data/real_languages/coco-captions/french/,10000,False,,250,sentence-transformers/paraphrase-multilingual-mpnet-base-v2,,0,1000,,False,,,False,3,False,0.0001,True,15
994eh2o3,2356,3982.994140625,0.0001,,Prequential Coding - Natural Languages,2,,/network/scratch/e/eric.elmoznino/complexity_compositionality/data/real_languages/coco-captions/french/,10000,False,,250,sentence-transformers/paraphrase-multilingual-mpnet-base-v2,,0,1000,,False,,,False,3,False,0.0001,True,15
994eh2o3,3618,4792.01611328125,0.0001,,Prequential Coding - Natural Languages,2,,/network/scratch/e/eric.elmoznino/complexity_compositionality/data/real_languages/coco-captions/french/,10000,False,,250,sentence-transformers/paraphrase-multilingual-mpnet-base-v2,,0,1000,,False,,,False,3,False,0.0001,True,15
994eh2o3,5554,6786.208984375,0.0001,,Prequential Coding - Natural Languages,2,,/network/scratch/e/eric.elmoznino/complexity_compositionality/data/real_languages/coco-captions/french/,10000,False,,250,sentence-transformers/paraphrase-multilingual-mpnet-base-v2,,0,1000,,False,,,False,3,False,0.0001,True,15
994eh2o3,8527,9177.1435546875,0.0001,,Prequential Coding - Natural Languages,2,,/network/scratch/e/eric.elmoznino/complexity_compositionality/data/real_languages/coco-captions/french/,10000,False,,250,sentence-transformers/paraphrase-multilingual-mpnet-base-v2,,0,1000,,False,,,False,3,False,0.0001,True,15
994eh2o3,13092,11759.6357421875,0.0001,,Prequential Coding - Natural Languages,2,,/network/scratch/e/eric.elmoznino/complexity_compositionality/data/real_languages/coco-captions/french/,10000,False,,250,sentence-transformers/paraphrase-multilingual-mpnet-base-v2,,0,1000,,False,,,False,3,False,0.0001,True,15
994eh2o3,20099,13581.6845703125,0.0001,,Prequential Coding - Natural Languages,2,,/network/scratch/e/eric.elmoznino/complexity_compositionality/data/real_languages/coco-captions/french/,10000,False,,250,sentence-transformers/paraphrase-multilingual-mpnet-base-v2,,0,1000,,False,,,False,3,False,0.0001,True,15
994eh2o3,30856,14529.279296875,0.0001,,Prequential Coding - Natural Languages,2,,/network/scratch/e/eric.elmoznino/complexity_compositionality/data/real_languages/coco-captions/french/,10000,False,,250,sentence-transformers/paraphrase-multilingual-mpnet-base-v2,,0,1000,,False,,,False,3,False,0.0001,True,15
994eh2o3,47371,19920.04296875,0.0001,,Prequential Coding - Natural Languages,2,,/network/scratch/e/eric.elmoznino/complexity_compositionality/data/real_languages/coco-captions/french/,10000,False,,250,sentence-transformers/paraphrase-multilingual-mpnet-base-v2,,0,1000,,False,,,False,3,False,0.0001,True,15
994eh2o3,72725,23083.869140625,0.0001,,Prequential Coding - Natural Languages,2,,/network/scratch/e/eric.elmoznino/complexity_compositionality/data/real_languages/coco-captions/french/,10000,False,,250,sentence-transformers/paraphrase-multilingual-mpnet-base-v2,,0,1000,,False,,,False,3,False,0.0001,True,15
994eh2o3,111649,26407.529296875,0.0001,,Prequential Coding - Natural Languages,2,,/network/scratch/e/eric.elmoznino/complexity_compositionality/data/real_languages/coco-captions/french/,10000,False,,250,sentence-transformers/paraphrase-multilingual-mpnet-base-v2,,0,1000,,False,,,False,3,False,0.0001,True,15
994eh2o3,171405,35592.15234375,0.0001,,Prequential Coding - Natural Languages,2,,/network/scratch/e/eric.elmoznino/complexity_compositionality/data/real_languages/coco-captions/french/,10000,False,,250,sentence-transformers/paraphrase-multilingual-mpnet-base-v2,,0,1000,,False,,,False,3,False,0.0001,True,15
994eh2o3,263143,40973.63671875,0.0001,,Prequential Coding - Natural Languages,2,,/network/scratch/e/eric.elmoznino/complexity_compositionality/data/real_languages/coco-captions/french/,10000,False,,250,sentence-transformers/paraphrase-multilingual-mpnet-base-v2,,0,1000,,False,,,False,3,False,0.0001,True,15
994eh2o3,403981,49786.953125,0.0001,,Prequential Coding - Natural Languages,2,,/network/scratch/e/eric.elmoznino/complexity_compositionality/data/real_languages/coco-captions/french/,10000,False,,250,sentence-transformers/paraphrase-multilingual-mpnet-base-v2,,0,1000,,False,,,False,3,False,0.0001,True,15
a6v5m1qi,1000,6788.1396484375,0.0001,,Prequential Coding - Natural Languages,2,,/network/scratch/e/eric.elmoznino/complexity_compositionality/data/real_languages/coco-captions/spanish/,10000,False,,250,sentence-transformers/paraphrase-multilingual-mpnet-base-v2,,0,1000,,False,,,False,3,False,0.0001,True,15
a6v5m1qi,1535,3644.266357421875,0.0001,,Prequential Coding - Natural Languages,2,,/network/scratch/e/eric.elmoznino/complexity_compositionality/data/real_languages/coco-captions/spanish/,10000,False,,250,sentence-transformers/paraphrase-multilingual-mpnet-base-v2,,0,1000,,False,,,False,3,False,0.0001,True,15
a6v5m1qi,2356,5003.97509765625,0.0001,,Prequential Coding - Natural Languages,2,,/network/scratch/e/eric.elmoznino/complexity_compositionality/data/real_languages/coco-captions/spanish/,10000,False,,250,sentence-transformers/paraphrase-multilingual-mpnet-base-v2,,0,1000,,False,,,False,3,False,0.0001,True,15
a6v5m1qi,3618,5454.25390625,0.0001,,Prequential Coding - Natural Languages,2,,/network/scratch/e/eric.elmoznino/complexity_compositionality/data/real_languages/coco-captions/spanish/,10000,False,,250,sentence-transformers/paraphrase-multilingual-mpnet-base-v2,,0,1000,,False,,,False,3,False,0.0001,True,15
a6v5m1qi,5554,6683.1083984375,0.0001,,Prequential Coding - Natural Languages,2,,/network/scratch/e/eric.elmoznino/complexity_compositionality/data/real_languages/coco-captions/spanish/,10000,False,,250,sentence-transformers/paraphrase-multilingual-mpnet-base-v2,,0,1000,,False,,,False,3,False,0.0001,True,15
a6v5m1qi,8527,9088.2919921875,0.0001,,Prequential Coding - Natural Languages,2,,/network/scratch/e/eric.elmoznino/complexity_compositionality/data/real_languages/coco-captions/spanish/,10000,False,,250,sentence-transformers/paraphrase-multilingual-mpnet-base-v2,,0,1000,,False,,,False,3,False,0.0001,True,15
a6v5m1qi,13092,11411.009765625,0.0001,,Prequential Coding - Natural Languages,2,,/network/scratch/e/eric.elmoznino/complexity_compositionality/data/real_languages/coco-captions/spanish/,10000,False,,250,sentence-transformers/paraphrase-multilingual-mpnet-base-v2,,0,1000,,False,,,False,3,False,0.0001,True,15
a6v5m1qi,20099,12712.775390625,0.0001,,Prequential Coding - Natural Languages,2,,/network/scratch/e/eric.elmoznino/complexity_compositionality/data/real_languages/coco-captions/spanish/,10000,False,,250,sentence-transformers/paraphrase-multilingual-mpnet-base-v2,,0,1000,,False,,,False,3,False,0.0001,True,15
a6v5m1qi,30856,16392.25,0.0001,,Prequential Coding - Natural Languages,2,,/network/scratch/e/eric.elmoznino/complexity_compositionality/data/real_languages/coco-captions/spanish/,10000,False,,250,sentence-transformers/paraphrase-multilingual-mpnet-base-v2,,0,1000,,False,,,False,3,False,0.0001,True,15
a6v5m1qi,47371,20350.828125,0.0001,,Prequential Coding - Natural Languages,2,,/network/scratch/e/eric.elmoznino/complexity_compositionality/data/real_languages/coco-captions/spanish/,10000,False,,250,sentence-transformers/paraphrase-multilingual-mpnet-base-v2,,0,1000,,False,,,False,3,False,0.0001,True,15
a6v5m1qi,72725,24621.3828125,0.0001,,Prequential Coding - Natural Languages,2,,/network/scratch/e/eric.elmoznino/complexity_compositionality/data/real_languages/coco-captions/spanish/,10000,False,,250,sentence-transformers/paraphrase-multilingual-mpnet-base-v2,,0,1000,,False,,,False,3,False,0.0001,True,15
a6v5m1qi,111649,31509.3515625,0.0001,,Prequential Coding - Natural Languages,2,,/network/scratch/e/eric.elmoznino/complexity_compositionality/data/real_languages/coco-captions/spanish/,10000,False,,250,sentence-transformers/paraphrase-multilingual-mpnet-base-v2,,0,1000,,False,,,False,3,False,0.0001,True,15
a6v5m1qi,171405,36948.5703125,0.0001,,Prequential Coding - Natural Languages,2,,/network/scratch/e/eric.elmoznino/complexity_compositionality/data/real_languages/coco-captions/spanish/,10000,False,,250,sentence-transformers/paraphrase-multilingual-mpnet-base-v2,,0,1000,,False,,,False,3,False,0.0001,True,15
a6v5m1qi,263143,48445.5234375,0.0001,,Prequential Coding - Natural Languages,2,,/network/scratch/e/eric.elmoznino/complexity_compositionality/data/real_languages/coco-captions/spanish/,10000,False,,250,sentence-transformers/paraphrase-multilingual-mpnet-base-v2,,0,1000,,False,,,False,3,False,0.0001,True,15
a6v5m1qi,403981,56718.65234375,0.0001,,Prequential Coding - Natural Languages,2,,/network/scratch/e/eric.elmoznino/complexity_compositionality/data/real_languages/coco-captions/spanish/,10000,False,,250,sentence-transformers/paraphrase-multilingual-mpnet-base-v2,,0,1000,,False,,,False,3,False,0.0001,True,15
aqtkod9w,1000,6798.27587890625,0.0001,,Prequential Coding - Natural Languages,1,,/network/scratch/e/eric.elmoznino/complexity_compositionality/data/real_languages/coco-captions/spanish/,10000,False,,250,sentence-transformers/paraphrase-multilingual-mpnet-base-v2,,0,1000,,False,,,False,3,False,0.0001,True,15
aqtkod9w,1535,3321.40380859375,0.0001,,Prequential Coding - Natural Languages,1,,/network/scratch/e/eric.elmoznino/complexity_compositionality/data/real_languages/coco-captions/spanish/,10000,False,,250,sentence-transformers/paraphrase-multilingual-mpnet-base-v2,,0,1000,,False,,,False,3,False,0.0001,True,15
aqtkod9w,2356,4393.86767578125,0.0001,,Prequential Coding - Natural Languages,1,,/network/scratch/e/eric.elmoznino/complexity_compositionality/data/real_languages/coco-captions/spanish/,10000,False,,250,sentence-transformers/paraphrase-multilingual-mpnet-base-v2,,0,1000,,False,,,False,3,False,0.0001,True,15
aqtkod9w,3618,5450.8466796875,0.0001,,Prequential Coding - Natural Languages,1,,/network/scratch/e/eric.elmoznino/complexity_compositionality/data/real_languages/coco-captions/spanish/,10000,False,,250,sentence-transformers/paraphrase-multilingual-mpnet-base-v2,,0,1000,,False,,,False,3,False,0.0001,True,15
aqtkod9w,5554,7177.037109375,0.0001,,Prequential Coding - Natural Languages,1,,/network/scratch/e/eric.elmoznino/complexity_compositionality/data/real_languages/coco-captions/spanish/,10000,False,,250,sentence-transformers/paraphrase-multilingual-mpnet-base-v2,,0,1000,,False,,,False,3,False,0.0001,True,15
aqtkod9w,8527,9433.669921875,0.0001,,Prequential Coding - Natural Languages,1,,/network/scratch/e/eric.elmoznino/complexity_compositionality/data/real_languages/coco-captions/spanish/,10000,False,,250,sentence-transformers/paraphrase-multilingual-mpnet-base-v2,,0,1000,,False,,,False,3,False,0.0001,True,15
aqtkod9w,13092,11237.2373046875,0.0001,,Prequential Coding - Natural Languages,1,,/network/scratch/e/eric.elmoznino/complexity_compositionality/data/real_languages/coco-captions/spanish/,10000,False,,250,sentence-transformers/paraphrase-multilingual-mpnet-base-v2,,0,1000,,False,,,False,3,False,0.0001,True,15
aqtkod9w,20099,15665.1240234375,0.0001,,Prequential Coding - Natural Languages,1,,/network/scratch/e/eric.elmoznino/complexity_compositionality/data/real_languages/coco-captions/spanish/,10000,False,,250,sentence-transformers/paraphrase-multilingual-mpnet-base-v2,,0,1000,,False,,,False,3,False,0.0001,True,15
aqtkod9w,30856,16893.498046875,0.0001,,Prequential Coding - Natural Languages,1,,/network/scratch/e/eric.elmoznino/complexity_compositionality/data/real_languages/coco-captions/spanish/,10000,False,,250,sentence-transformers/paraphrase-multilingual-mpnet-base-v2,,0,1000,,False,,,False,3,False,0.0001,True,15
aqtkod9w,47371,20417.33203125,0.0001,,Prequential Coding - Natural Languages,1,,/network/scratch/e/eric.elmoznino/complexity_compositionality/data/real_languages/coco-captions/spanish/,10000,False,,250,sentence-transformers/paraphrase-multilingual-mpnet-base-v2,,0,1000,,False,,,False,3,False,0.0001,True,15
aqtkod9w,72725,25648.1640625,0.0001,,Prequential Coding - Natural Languages,1,,/network/scratch/e/eric.elmoznino/complexity_compositionality/data/real_languages/coco-captions/spanish/,10000,False,,250,sentence-transformers/paraphrase-multilingual-mpnet-base-v2,,0,1000,,False,,,False,3,False,0.0001,True,15
aqtkod9w,111649,29284.42578125,0.0001,,Prequential Coding - Natural Languages,1,,/network/scratch/e/eric.elmoznino/complexity_compositionality/data/real_languages/coco-captions/spanish/,10000,False,,250,sentence-transformers/paraphrase-multilingual-mpnet-base-v2,,0,1000,,False,,,False,3,False,0.0001,True,15
aqtkod9w,171405,33536.8671875,0.0001,,Prequential Coding - Natural Languages,1,,/network/scratch/e/eric.elmoznino/complexity_compositionality/data/real_languages/coco-captions/spanish/,10000,False,,250,sentence-transformers/paraphrase-multilingual-mpnet-base-v2,,0,1000,,False,,,False,3,False,0.0001,True,15
aqtkod9w,263143,42460.57421875,0.0001,,Prequential Coding - Natural Languages,1,,/network/scratch/e/eric.elmoznino/complexity_compositionality/data/real_languages/coco-captions/spanish/,10000,False,,250,sentence-transformers/paraphrase-multilingual-mpnet-base-v2,,0,1000,,False,,,False,3,False,0.0001,True,15
aqtkod9w,403981,49830.2890625,0.0001,,Prequential Coding - Natural Languages,1,,/network/scratch/e/eric.elmoznino/complexity_compositionality/data/real_languages/coco-captions/spanish/,10000,False,,250,sentence-transformers/paraphrase-multilingual-mpnet-base-v2,,0,1000,,False,,,False,3,False,0.0001,True,15
cw8j2bp3,1000,4219.08251953125,0.0001,,Prequential Coding - Natural Languages,0,,/network/scratch/e/eric.elmoznino/complexity_compositionality/data/real_languages/coco-captions/japanese/,10000,False,,250,sentence-transformers/paraphrase-multilingual-mpnet-base-v2,,0,1000,,False,,,False,3,False,0.0001,True,15
cw8j2bp3,1535,2307.1142578125,0.0001,,Prequential Coding - Natural Languages,0,,/network/scratch/e/eric.elmoznino/complexity_compositionality/data/real_languages/coco-captions/japanese/,10000,False,,250,sentence-transformers/paraphrase-multilingual-mpnet-base-v2,,0,1000,,False,,,False,3,False,0.0001,True,15
cw8j2bp3,2356,3636.4287109375,0.0001,,Prequential Coding - Natural Languages,0,,/network/scratch/e/eric.elmoznino/complexity_compositionality/data/real_languages/coco-captions/japanese/,10000,False,,250,sentence-transformers/paraphrase-multilingual-mpnet-base-v2,,0,1000,,False,,,False,3,False,0.0001,True,15
cw8j2bp3,3618,5417.8896484375,0.0001,,Prequential Coding - Natural Languages,0,,/network/scratch/e/eric.elmoznino/complexity_compositionality/data/real_languages/coco-captions/japanese/,10000,False,,250,sentence-transformers/paraphrase-multilingual-mpnet-base-v2,,0,1000,,False,,,False,3,False,0.0001,True,15
cw8j2bp3,5554,6300.2568359375,0.0001,,Prequential Coding - Natural Languages,0,,/network/scratch/e/eric.elmoznino/complexity_compositionality/data/real_languages/coco-captions/japanese/,10000,False,,250,sentence-transformers/paraphrase-multilingual-mpnet-base-v2,,0,1000,,False,,,False,3,False,0.0001,True,15
cw8j2bp3,8527,7613.14599609375,0.0001,,Prequential Coding - Natural Languages,0,,/network/scratch/e/eric.elmoznino/complexity_compositionality/data/real_languages/coco-captions/japanese/,10000,False,,250,sentence-transformers/paraphrase-multilingual-mpnet-base-v2,,0,1000,,False,,,False,3,False,0.0001,True,15
cw8j2bp3,13092,9316.62109375,0.0001,,Prequential Coding - Natural Languages,0,,/network/scratch/e/eric.elmoznino/complexity_compositionality/data/real_languages/coco-captions/japanese/,10000,False,,250,sentence-transformers/paraphrase-multilingual-mpnet-base-v2,,0,1000,,False,,,False,3,False,0.0001,True,15
cw8j2bp3,20099,12072.6708984375,0.0001,,Prequential Coding - Natural Languages,0,,/network/scratch/e/eric.elmoznino/complexity_compositionality/data/real_languages/coco-captions/japanese/,10000,False,,250,sentence-transformers/paraphrase-multilingual-mpnet-base-v2,,0,1000,,False,,,False,3,False,0.0001,True,15
cw8j2bp3,30856,13662.4296875,0.0001,,Prequential Coding - Natural Languages,0,,/network/scratch/e/eric.elmoznino/complexity_compositionality/data/real_languages/coco-captions/japanese/,10000,False,,250,sentence-transformers/paraphrase-multilingual-mpnet-base-v2,,0,1000,,False,,,False,3,False,0.0001,True,15
cw8j2bp3,47371,17286.70703125,0.0001,,Prequential Coding - Natural Languages,0,,/network/scratch/e/eric.elmoznino/complexity_compositionality/data/real_languages/coco-captions/japanese/,10000,False,,250,sentence-transformers/paraphrase-multilingual-mpnet-base-v2,,0,1000,,False,,,False,3,False,0.0001,True,15
cw8j2bp3,72725,19580.111328125,0.0001,,Prequential Coding - Natural Languages,0,,/network/scratch/e/eric.elmoznino/complexity_compositionality/data/real_languages/coco-captions/japanese/,10000,False,,250,sentence-transformers/paraphrase-multilingual-mpnet-base-v2,,0,1000,,False,,,False,3,False,0.0001,True,15
cw8j2bp3,111649,27845.7109375,0.0001,,Prequential Coding - Natural Languages,0,,/network/scratch/e/eric.elmoznino/complexity_compositionality/data/real_languages/coco-captions/japanese/,10000,False,,250,sentence-transformers/paraphrase-multilingual-mpnet-base-v2,,0,1000,,False,,,False,3,False,0.0001,True,15
cw8j2bp3,171405,32448.025390625,0.0001,,Prequential Coding - Natural Languages,0,,/network/scratch/e/eric.elmoznino/complexity_compositionality/data/real_languages/coco-captions/japanese/,10000,False,,250,sentence-transformers/paraphrase-multilingual-mpnet-base-v2,,0,1000,,False,,,False,3,False,0.0001,True,15
cw8j2bp3,263143,33294.70703125,0.0001,,Prequential Coding - Natural Languages,0,,/network/scratch/e/eric.elmoznino/complexity_compositionality/data/real_languages/coco-captions/japanese/,10000,False,,250,sentence-transformers/paraphrase-multilingual-mpnet-base-v2,,0,1000,,False,,,False,3,False,0.0001,True,15
cw8j2bp3,403981,51429.6796875,0.0001,,Prequential Coding - Natural Languages,0,,/network/scratch/e/eric.elmoznino/complexity_compositionality/data/real_languages/coco-captions/japanese/,10000,False,,250,sentence-transformers/paraphrase-multilingual-mpnet-base-v2,,0,1000,,False,,,False,3,False,0.0001,True,15
enjme1w1,1000,6107.689453125,0.0001,,Prequential Coding - Natural Languages,2,,/network/scratch/e/eric.elmoznino/complexity_compositionality/data/real_languages/coco-captions/german/,10000,False,,250,sentence-transformers/paraphrase-multilingual-mpnet-base-v2,,0,1000,,False,,,False,3,False,0.0001,True,15
enjme1w1,1535,3221.464111328125,0.0001,,Prequential Coding - Natural Languages,2,,/network/scratch/e/eric.elmoznino/complexity_compositionality/data/real_languages/coco-captions/german/,10000,False,,250,sentence-transformers/paraphrase-multilingual-mpnet-base-v2,,0,1000,,False,,,False,3,False,0.0001,True,15
enjme1w1,2356,4980.1572265625,0.0001,,Prequential Coding - Natural Languages,2,,/network/scratch/e/eric.elmoznino/complexity_compositionality/data/real_languages/coco-captions/german/,10000,False,,250,sentence-transformers/paraphrase-multilingual-mpnet-base-v2,,0,1000,,False,,,False,3,False,0.0001,True,15
enjme1w1,3618,5245.90087890625,0.0001,,Prequential Coding - Natural Languages,2,,/network/scratch/e/eric.elmoznino/complexity_compositionality/data/real_languages/coco-captions/german/,10000,False,,250,sentence-transformers/paraphrase-multilingual-mpnet-base-v2,,0,1000,,False,,,False,3,False,0.0001,True,15
enjme1w1,5554,7371.0224609375,0.0001,,Prequential Coding - Natural Languages,2,,/network/scratch/e/eric.elmoznino/complexity_compositionality/data/real_languages/coco-captions/german/,10000,False,,250,sentence-transformers/paraphrase-multilingual-mpnet-base-v2,,0,1000,,False,,,False,3,False,0.0001,True,15
enjme1w1,8527,9099.224609375,0.0001,,Prequential Coding - Natural Languages,2,,/network/scratch/e/eric.elmoznino/complexity_compositionality/data/real_languages/coco-captions/german/,10000,False,,250,sentence-transformers/paraphrase-multilingual-mpnet-base-v2,,0,1000,,False,,,False,3,False,0.0001,True,15
enjme1w1,13092,10311.978515625,0.0001,,Prequential Coding - Natural Languages,2,,/network/scratch/e/eric.elmoznino/complexity_compositionality/data/real_languages/coco-captions/german/,10000,False,,250,sentence-transformers/paraphrase-multilingual-mpnet-base-v2,,0,1000,,False,,,False,3,False,0.0001,True,15
enjme1w1,20099,12478.2333984375,0.0001,,Prequential Coding - Natural Languages,2,,/network/scratch/e/eric.elmoznino/complexity_compositionality/data/real_languages/coco-captions/german/,10000,False,,250,sentence-transformers/paraphrase-multilingual-mpnet-base-v2,,0,1000,,False,,,False,3,False,0.0001,True,15
enjme1w1,30856,14857.796875,0.0001,,Prequential Coding - Natural Languages,2,,/network/scratch/e/eric.elmoznino/complexity_compositionality/data/real_languages/coco-captions/german/,10000,False,,250,sentence-transformers/paraphrase-multilingual-mpnet-base-v2,,0,1000,,False,,,False,3,False,0.0001,True,15
enjme1w1,47371,19985.470703125,0.0001,,Prequential Coding - Natural Languages,2,,/network/scratch/e/eric.elmoznino/complexity_compositionality/data/real_languages/coco-captions/german/,10000,False,,250,sentence-transformers/paraphrase-multilingual-mpnet-base-v2,,0,1000,,False,,,False,3,False,0.0001,True,15
enjme1w1,72725,27160.634765625,0.0001,,Prequential Coding - Natural Languages,2,,/network/scratch/e/eric.elmoznino/complexity_compositionality/data/real_languages/coco-captions/german/,10000,False,,250,sentence-transformers/paraphrase-multilingual-mpnet-base-v2,,0,1000,,False,,,False,3,False,0.0001,True,15
enjme1w1,111649,28678.162109375,0.0001,,Prequential Coding - Natural Languages,2,,/network/scratch/e/eric.elmoznino/complexity_compositionality/data/real_languages/coco-captions/german/,10000,False,,250,sentence-transformers/paraphrase-multilingual-mpnet-base-v2,,0,1000,,False,,,False,3,False,0.0001,True,15
enjme1w1,171405,66047.7890625,0.0001,,Prequential Coding - Natural Languages,2,,/network/scratch/e/eric.elmoznino/complexity_compositionality/data/real_languages/coco-captions/german/,10000,False,,250,sentence-transformers/paraphrase-multilingual-mpnet-base-v2,,0,1000,,False,,,False,3,False,0.0001,True,15
enjme1w1,263143,43371.09375,0.0001,,Prequential Coding - Natural Languages,2,,/network/scratch/e/eric.elmoznino/complexity_compositionality/data/real_languages/coco-captions/german/,10000,False,,250,sentence-transformers/paraphrase-multilingual-mpnet-base-v2,,0,1000,,False,,,False,3,False,0.0001,True,15
enjme1w1,403981,55390.125,0.0001,,Prequential Coding - Natural Languages,2,,/network/scratch/e/eric.elmoznino/complexity_compositionality/data/real_languages/coco-captions/german/,10000,False,,250,sentence-transformers/paraphrase-multilingual-mpnet-base-v2,,0,1000,,False,,,False,3,False,0.0001,True,15
kuzs6n6i,1000,4328.2919921875,0.0001,,Prequential Coding - Natural Languages,1,,/network/scratch/e/eric.elmoznino/complexity_compositionality/data/real_languages/coco-captions/japanese/,10000,False,,250,sentence-transformers/paraphrase-multilingual-mpnet-base-v2,,0,1000,,False,,,False,3,False,0.0001,True,15
kuzs6n6i,1535,2350.995361328125,0.0001,,Prequential Coding - Natural Languages,1,,/network/scratch/e/eric.elmoznino/complexity_compositionality/data/real_languages/coco-captions/japanese/,10000,False,,250,sentence-transformers/paraphrase-multilingual-mpnet-base-v2,,0,1000,,False,,,False,3,False,0.0001,True,15
kuzs6n6i,2356,3552.483642578125,0.0001,,Prequential Coding - Natural Languages,1,,/network/scratch/e/eric.elmoznino/complexity_compositionality/data/real_languages/coco-captions/japanese/,10000,False,,250,sentence-transformers/paraphrase-multilingual-mpnet-base-v2,,0,1000,,False,,,False,3,False,0.0001,True,15
kuzs6n6i,3618,5488.8076171875,0.0001,,Prequential Coding - Natural Languages,1,,/network/scratch/e/eric.elmoznino/complexity_compositionality/data/real_languages/coco-captions/japanese/,10000,False,,250,sentence-transformers/paraphrase-multilingual-mpnet-base-v2,,0,1000,,False,,,False,3,False,0.0001,True,15
kuzs6n6i,5554,6386.8291015625,0.0001,,Prequential Coding - Natural Languages,1,,/network/scratch/e/eric.elmoznino/complexity_compositionality/data/real_languages/coco-captions/japanese/,10000,False,,250,sentence-transformers/paraphrase-multilingual-mpnet-base-v2,,0,1000,,False,,,False,3,False,0.0001,True,15
kuzs6n6i,8527,7873.18798828125,0.0001,,Prequential Coding - Natural Languages,1,,/network/scratch/e/eric.elmoznino/complexity_compositionality/data/real_languages/coco-captions/japanese/,10000,False,,250,sentence-transformers/paraphrase-multilingual-mpnet-base-v2,,0,1000,,False,,,False,3,False,0.0001,True,15
kuzs6n6i,13092,10404.193359375,0.0001,,Prequential Coding - Natural Languages,1,,/network/scratch/e/eric.elmoznino/complexity_compositionality/data/real_languages/coco-captions/japanese/,10000,False,,250,sentence-transformers/paraphrase-multilingual-mpnet-base-v2,,0,1000,,False,,,False,3,False,0.0001,True,15
kuzs6n6i,20099,10606.962890625,0.0001,,Prequential Coding - Natural Languages,1,,/network/scratch/e/eric.elmoznino/complexity_compositionality/data/real_languages/coco-captions/japanese/,10000,False,,250,sentence-transformers/paraphrase-multilingual-mpnet-base-v2,,0,1000,,False,,,False,3,False,0.0001,True,15
kuzs6n6i,30856,15184.3203125,0.0001,,Prequential Coding - Natural Languages,1,,/network/scratch/e/eric.elmoznino/complexity_compositionality/data/real_languages/coco-captions/japanese/,10000,False,,250,sentence-transformers/paraphrase-multilingual-mpnet-base-v2,,0,1000,,False,,,False,3,False,0.0001,True,15
kuzs6n6i,47371,16292.060546875,0.0001,,Prequential Coding - Natural Languages,1,,/network/scratch/e/eric.elmoznino/complexity_compositionality/data/real_languages/coco-captions/japanese/,10000,False,,250,sentence-transformers/paraphrase-multilingual-mpnet-base-v2,,0,1000,,False,,,False,3,False,0.0001,True,15
kuzs6n6i,72725,22838.7578125,0.0001,,Prequential Coding - Natural Languages,1,,/network/scratch/e/eric.elmoznino/complexity_compositionality/data/real_languages/coco-captions/japanese/,10000,False,,250,sentence-transformers/paraphrase-multilingual-mpnet-base-v2,,0,1000,,False,,,False,3,False,0.0001,True,15
kuzs6n6i,111649,26271.888671875,0.0001,,Prequential Coding - Natural Languages,1,,/network/scratch/e/eric.elmoznino/complexity_compositionality/data/real_languages/coco-captions/japanese/,10000,False,,250,sentence-transformers/paraphrase-multilingual-mpnet-base-v2,,0,1000,,False,,,False,3,False,0.0001,True,15
kuzs6n6i,171405,32841.4609375,0.0001,,Prequential Coding - Natural Languages,1,,/network/scratch/e/eric.elmoznino/complexity_compositionality/data/real_languages/coco-captions/japanese/,10000,False,,250,sentence-transformers/paraphrase-multilingual-mpnet-base-v2,,0,1000,,False,,,False,3,False,0.0001,True,15
kuzs6n6i,263143,41766.8828125,0.0001,,Prequential Coding - Natural Languages,1,,/network/scratch/e/eric.elmoznino/complexity_compositionality/data/real_languages/coco-captions/japanese/,10000,False,,250,sentence-transformers/paraphrase-multilingual-mpnet-base-v2,,0,1000,,False,,,False,3,False,0.0001,True,15
kuzs6n6i,403981,47076.16015625,0.0001,,Prequential Coding - Natural Languages,1,,/network/scratch/e/eric.elmoznino/complexity_compositionality/data/real_languages/coco-captions/japanese/,10000,False,,250,sentence-transformers/paraphrase-multilingual-mpnet-base-v2,,0,1000,,False,,,False,3,False,0.0001,True,15
mi70obza,1000,8434.615234375,0.0001,,Prequential Coding - Natural Languages,2,,/network/scratch/e/eric.elmoznino/complexity_compositionality/data/real_languages/coco-captions/english/,10000,False,,250,sentence-transformers/paraphrase-multilingual-mpnet-base-v2,,0,1000,,False,,,False,3,False,0.0001,True,15
mi70obza,1535,3836.135498046875,0.0001,,Prequential Coding - Natural Languages,2,,/network/scratch/e/eric.elmoznino/complexity_compositionality/data/real_languages/coco-captions/english/,10000,False,,250,sentence-transformers/paraphrase-multilingual-mpnet-base-v2,,0,1000,,False,,,False,3,False,0.0001,True,15
mi70obza,2356,5032.0234375,0.0001,,Prequential Coding - Natural Languages,2,,/network/scratch/e/eric.elmoznino/complexity_compositionality/data/real_languages/coco-captions/english/,10000,False,,250,sentence-transformers/paraphrase-multilingual-mpnet-base-v2,,0,1000,,False,,,False,3,False,0.0001,True,15
mi70obza,3618,6818.21435546875,0.0001,,Prequential Coding - Natural Languages,2,,/network/scratch/e/eric.elmoznino/complexity_compositionality/data/real_languages/coco-captions/english/,10000,False,,250,sentence-transformers/paraphrase-multilingual-mpnet-base-v2,,0,1000,,False,,,False,3,False,0.0001,True,15
mi70obza,5554,8956.7412109375,0.0001,,Prequential Coding - Natural Languages,2,,/network/scratch/e/eric.elmoznino/complexity_compositionality/data/real_languages/coco-captions/english/,10000,False,,250,sentence-transformers/paraphrase-multilingual-mpnet-base-v2,,0,1000,,False,,,False,3,False,0.0001,True,15
mi70obza,8527,11486.7060546875,0.0001,,Prequential Coding - Natural Languages,2,,/network/scratch/e/eric.elmoznino/complexity_compositionality/data/real_languages/coco-captions/english/,10000,False,,250,sentence-transformers/paraphrase-multilingual-mpnet-base-v2,,0,1000,,False,,,False,3,False,0.0001,True,15
mi70obza,13092,12912.6826171875,0.0001,,Prequential Coding - Natural Languages,2,,/network/scratch/e/eric.elmoznino/complexity_compositionality/data/real_languages/coco-captions/english/,10000,False,,250,sentence-transformers/paraphrase-multilingual-mpnet-base-v2,,0,1000,,False,,,False,3,False,0.0001,True,15
mi70obza,20099,15582.7587890625,0.0001,,Prequential Coding - Natural Languages,2,,/network/scratch/e/eric.elmoznino/complexity_compositionality/data/real_languages/coco-captions/english/,10000,False,,250,sentence-transformers/paraphrase-multilingual-mpnet-base-v2,,0,1000,,False,,,False,3,False,0.0001,True,15
mi70obza,30856,17934.140625,0.0001,,Prequential Coding - Natural Languages,2,,/network/scratch/e/eric.elmoznino/complexity_compositionality/data/real_languages/coco-captions/english/,10000,False,,250,sentence-transformers/paraphrase-multilingual-mpnet-base-v2,,0,1000,,False,,,False,3,False,0.0001,True,15
mi70obza,47371,21839.44921875,0.0001,,Prequential Coding - Natural Languages,2,,/network/scratch/e/eric.elmoznino/complexity_compositionality/data/real_languages/coco-captions/english/,10000,False,,250,sentence-transformers/paraphrase-multilingual-mpnet-base-v2,,0,1000,,False,,,False,3,False,0.0001,True,15
mi70obza,72725,27115.759765625,0.0001,,Prequential Coding - Natural Languages,2,,/network/scratch/e/eric.elmoznino/complexity_compositionality/data/real_languages/coco-captions/english/,10000,False,,250,sentence-transformers/paraphrase-multilingual-mpnet-base-v2,,0,1000,,False,,,False,3,False,0.0001,True,15
mi70obza,111649,33942.46484375,0.0001,,Prequential Coding - Natural Languages,2,,/network/scratch/e/eric.elmoznino/complexity_compositionality/data/real_languages/coco-captions/english/,10000,False,,250,sentence-transformers/paraphrase-multilingual-mpnet-base-v2,,0,1000,,False,,,False,3,False,0.0001,True,15
mi70obza,171405,39236.69140625,0.0001,,Prequential Coding - Natural Languages,2,,/network/scratch/e/eric.elmoznino/complexity_compositionality/data/real_languages/coco-captions/english/,10000,False,,250,sentence-transformers/paraphrase-multilingual-mpnet-base-v2,,0,1000,,False,,,False,3,False,0.0001,True,15
mi70obza,263143,53546.890625,0.0001,,Prequential Coding - Natural Languages,2,,/network/scratch/e/eric.elmoznino/complexity_compositionality/data/real_languages/coco-captions/english/,10000,False,,250,sentence-transformers/paraphrase-multilingual-mpnet-base-v2,,0,1000,,False,,,False,3,False,0.0001,True,15
mi70obza,403981,55153.57421875,0.0001,,Prequential Coding - Natural Languages,2,,/network/scratch/e/eric.elmoznino/complexity_compositionality/data/real_languages/coco-captions/english/,10000,False,,250,sentence-transformers/paraphrase-multilingual-mpnet-base-v2,,0,1000,,False,,,False,3,False,0.0001,True,15
mpig72yz,1000,6215.81884765625,0.0001,,Prequential Coding - Natural Languages,1,,/network/scratch/e/eric.elmoznino/complexity_compositionality/data/real_languages/coco-captions/french/,10000,False,,250,sentence-transformers/paraphrase-multilingual-mpnet-base-v2,,0,1000,,False,,,False,3,False,0.0001,True,15
mpig72yz,1535,3292.330078125,0.0001,,Prequential Coding - Natural Languages,1,,/network/scratch/e/eric.elmoznino/complexity_compositionality/data/real_languages/coco-captions/french/,10000,False,,250,sentence-transformers/paraphrase-multilingual-mpnet-base-v2,,0,1000,,False,,,False,3,False,0.0001,True,15
mpig72yz,2356,4242.59228515625,0.0001,,Prequential Coding - Natural Languages,1,,/network/scratch/e/eric.elmoznino/complexity_compositionality/data/real_languages/coco-captions/french/,10000,False,,250,sentence-transformers/paraphrase-multilingual-mpnet-base-v2,,0,1000,,False,,,False,3,False,0.0001,True,15
mpig72yz,3618,4923.69189453125,0.0001,,Prequential Coding - Natural Languages,1,,/network/scratch/e/eric.elmoznino/complexity_compositionality/data/real_languages/coco-captions/french/,10000,False,,250,sentence-transformers/paraphrase-multilingual-mpnet-base-v2,,0,1000,,False,,,False,3,False,0.0001,True,15
mpig72yz,5554,6957.21044921875,0.0001,,Prequential Coding - Natural Languages,1,,/network/scratch/e/eric.elmoznino/complexity_compositionality/data/real_languages/coco-captions/french/,10000,False,,250,sentence-transformers/paraphrase-multilingual-mpnet-base-v2,,0,1000,,False,,,False,3,False,0.0001,True,15
mpig72yz,8527,8754.404296875,0.0001,,Prequential Coding - Natural Languages,1,,/network/scratch/e/eric.elmoznino/complexity_compositionality/data/real_languages/coco-captions/french/,10000,False,,250,sentence-transformers/paraphrase-multilingual-mpnet-base-v2,,0,1000,,False,,,False,3,False,0.0001,True,15
mpig72yz,13092,10643.0185546875,0.0001,,Prequential Coding - Natural Languages,1,,/network/scratch/e/eric.elmoznino/complexity_compositionality/data/real_languages/coco-captions/french/,10000,False,,250,sentence-transformers/paraphrase-multilingual-mpnet-base-v2,,0,1000,,False,,,False,3,False,0.0001,True,15
mpig72yz,20099,12765.1494140625,0.0001,,Prequential Coding - Natural Languages,1,,/network/scratch/e/eric.elmoznino/complexity_compositionality/data/real_languages/coco-captions/french/,10000,False,,250,sentence-transformers/paraphrase-multilingual-mpnet-base-v2,,0,1000,,False,,,False,3,False,0.0001,True,15
mpig72yz,30856,16147.923828125,0.0001,,Prequential Coding - Natural Languages,1,,/network/scratch/e/eric.elmoznino/complexity_compositionality/data/real_languages/coco-captions/french/,10000,False,,250,sentence-transformers/paraphrase-multilingual-mpnet-base-v2,,0,1000,,False,,,False,3,False,0.0001,True,15
mpig72yz,47371,18873.1796875,0.0001,,Prequential Coding - Natural Languages,1,,/network/scratch/e/eric.elmoznino/complexity_compositionality/data/real_languages/coco-captions/french/,10000,False,,250,sentence-transformers/paraphrase-multilingual-mpnet-base-v2,,0,1000,,False,,,False,3,False,0.0001,True,15
mpig72yz,72725,24796.52734375,0.0001,,Prequential Coding - Natural Languages,1,,/network/scratch/e/eric.elmoznino/complexity_compositionality/data/real_languages/coco-captions/french/,10000,False,,250,sentence-transformers/paraphrase-multilingual-mpnet-base-v2,,0,1000,,False,,,False,3,False,0.0001,True,15
mpig72yz,111649,29561.8984375,0.0001,,Prequential Coding - Natural Languages,1,,/network/scratch/e/eric.elmoznino/complexity_compositionality/data/real_languages/coco-captions/french/,10000,False,,250,sentence-transformers/paraphrase-multilingual-mpnet-base-v2,,0,1000,,False,,,False,3,False,0.0001,True,15
mpig72yz,171405,33188.609375,0.0001,,Prequential Coding - Natural Languages,1,,/network/scratch/e/eric.elmoznino/complexity_compositionality/data/real_languages/coco-captions/french/,10000,False,,250,sentence-transformers/paraphrase-multilingual-mpnet-base-v2,,0,1000,,False,,,False,3,False,0.0001,True,15
mpig72yz,263143,39338.62890625,0.0001,,Prequential Coding - Natural Languages,1,,/network/scratch/e/eric.elmoznino/complexity_compositionality/data/real_languages/coco-captions/french/,10000,False,,250,sentence-transformers/paraphrase-multilingual-mpnet-base-v2,,0,1000,,False,,,False,3,False,0.0001,True,15
mpig72yz,403981,48670.11328125,0.0001,,Prequential Coding - Natural Languages,1,,/network/scratch/e/eric.elmoznino/complexity_compositionality/data/real_languages/coco-captions/french/,10000,False,,250,sentence-transformers/paraphrase-multilingual-mpnet-base-v2,,0,1000,,False,,,False,3,False,0.0001,True,15
dnh1abqn,1000,4305.97900390625,0.0001,,Prequential Coding - Natural Languages,2,,/network/scratch/e/eric.elmoznino/complexity_compositionality/data/real_languages/coco-captions/japanese/,10000,False,,250,sentence-transformers/paraphrase-multilingual-mpnet-base-v2,,0,1000,,False,,,False,3,False,0.0001,True,15
dnh1abqn,1535,2293.571533203125,0.0001,,Prequential Coding - Natural Languages,2,,/network/scratch/e/eric.elmoznino/complexity_compositionality/data/real_languages/coco-captions/japanese/,10000,False,,250,sentence-transformers/paraphrase-multilingual-mpnet-base-v2,,0,1000,,False,,,False,3,False,0.0001,True,15
dnh1abqn,2356,3460.737060546875,0.0001,,Prequential Coding - Natural Languages,2,,/network/scratch/e/eric.elmoznino/complexity_compositionality/data/real_languages/coco-captions/japanese/,10000,False,,250,sentence-transformers/paraphrase-multilingual-mpnet-base-v2,,0,1000,,False,,,False,3,False,0.0001,True,15
dnh1abqn,3618,5474.1279296875,0.0001,,Prequential Coding - Natural Languages,2,,/network/scratch/e/eric.elmoznino/complexity_compositionality/data/real_languages/coco-captions/japanese/,10000,False,,250,sentence-transformers/paraphrase-multilingual-mpnet-base-v2,,0,1000,,False,,,False,3,False,0.0001,True,15
dnh1abqn,5554,5994.4580078125,0.0001,,Prequential Coding - Natural Languages,2,,/network/scratch/e/eric.elmoznino/complexity_compositionality/data/real_languages/coco-captions/japanese/,10000,False,,250,sentence-transformers/paraphrase-multilingual-mpnet-base-v2,,0,1000,,False,,,False,3,False,0.0001,True,15
dnh1abqn,8527,7671.1416015625,0.0001,,Prequential Coding - Natural Languages,2,,/network/scratch/e/eric.elmoznino/complexity_compositionality/data/real_languages/coco-captions/japanese/,10000,False,,250,sentence-transformers/paraphrase-multilingual-mpnet-base-v2,,0,1000,,False,,,False,3,False,0.0001,True,15
dnh1abqn,13092,10444.79296875,0.0001,,Prequential Coding - Natural Languages,2,,/network/scratch/e/eric.elmoznino/complexity_compositionality/data/real_languages/coco-captions/japanese/,10000,False,,250,sentence-transformers/paraphrase-multilingual-mpnet-base-v2,,0,1000,,False,,,False,3,False,0.0001,True,15
dnh1abqn,20099,10454.7958984375,0.0001,,Prequential Coding - Natural Languages,2,,/network/scratch/e/eric.elmoznino/complexity_compositionality/data/real_languages/coco-captions/japanese/,10000,False,,250,sentence-transformers/paraphrase-multilingual-mpnet-base-v2,,0,1000,,False,,,False,3,False,0.0001,True,15
dnh1abqn,30856,13355.5,0.0001,,Prequential Coding - Natural Languages,2,,/network/scratch/e/eric.elmoznino/complexity_compositionality/data/real_languages/coco-captions/japanese/,10000,False,,250,sentence-transformers/paraphrase-multilingual-mpnet-base-v2,,0,1000,,False,,,False,3,False,0.0001,True,15
dnh1abqn,47371,16125.8515625,0.0001,,Prequential Coding - Natural Languages,2,,/network/scratch/e/eric.elmoznino/complexity_compositionality/data/real_languages/coco-captions/japanese/,10000,False,,250,sentence-transformers/paraphrase-multilingual-mpnet-base-v2,,0,1000,,False,,,False,3,False,0.0001,True,15
dnh1abqn,72725,18776.849609375,0.0001,,Prequential Coding - Natural Languages,2,,/network/scratch/e/eric.elmoznino/complexity_compositionality/data/real_languages/coco-captions/japanese/,10000,False,,250,sentence-transformers/paraphrase-multilingual-mpnet-base-v2,,0,1000,,False,,,False,3,False,0.0001,True,15
dnh1abqn,111649,24636.4140625,0.0001,,Prequential Coding - Natural Languages,2,,/network/scratch/e/eric.elmoznino/complexity_compositionality/data/real_languages/coco-captions/japanese/,10000,False,,250,sentence-transformers/paraphrase-multilingual-mpnet-base-v2,,0,1000,,False,,,False,3,False,0.0001,True,15
dnh1abqn,171405,30886.625,0.0001,,Prequential Coding - Natural Languages,2,,/network/scratch/e/eric.elmoznino/complexity_compositionality/data/real_languages/coco-captions/japanese/,10000,False,,250,sentence-transformers/paraphrase-multilingual-mpnet-base-v2,,0,1000,,False,,,False,3,False,0.0001,True,15
dnh1abqn,263143,35742.54296875,0.0001,,Prequential Coding - Natural Languages,2,,/network/scratch/e/eric.elmoznino/complexity_compositionality/data/real_languages/coco-captions/japanese/,10000,False,,250,sentence-transformers/paraphrase-multilingual-mpnet-base-v2,,0,1000,,False,,,False,3,False,0.0001,True,15
dnh1abqn,403981,42848.89453125,0.0001,,Prequential Coding - Natural Languages,2,,/network/scratch/e/eric.elmoznino/complexity_compositionality/data/real_languages/coco-captions/japanese/,10000,False,,250,sentence-transformers/paraphrase-multilingual-mpnet-base-v2,,0,1000,,False,,,False,3,False,0.0001,True,15
